SUBJECT_NAME,SUBJECT_GROUP,SUBJECT_AGE,VALUE
AW002AF,YNG,19.0,281.921568627451
MP1,YNG,,236.57692307692307
AW001CG,YNG,19.0,170.07843137254903
